date,open,high,low,close,price,total_volume,market_cap,price_change_pct,market_cap_rank,circulating_supply,month,year,quarter,day_of_week,rolling_7d_avg,rolling_30d_avg,volatility_7d,volume_usd
2023-06-01,1839.62,1897.76,1787.55,1839.74,1839.74,6620386312.0,220768455869.0,0.0,2,120043101.0,June,2023,Q2,Thursday,,,,6620386312.0
2023-06-02,1791.21,1807.57,1782.04,1797.04,1797.04,10082909740.0,215644626158.0,-2.3761,2,119918121.0,June,2023,Q2,Friday,,,,10082909740.0
2023-06-03,1899.01,1878.8,1817.88,1868.01,1868.01,17038785194.0,224161247307.0,3.7993,2,119854640.0,June,2023,Q2,Saturday,,,,17038785194.0
2023-06-04,1935.41,1977.9,1905.62,1946.13,1946.13,13580729651.0,233535019320.0,4.0139,2,120060656.0,June,2023,Q2,Sunday,,,,13580729651.0
2023-06-05,1819.47,1853.71,1767.32,1813.63,1813.63,12690015889.0,217635089306.0,-7.3058,2,120095439.0,June,2023,Q2,Monday,,,,12690015889.0
2023-06-06,1831.32,1879.91,1801.87,1821.69,1821.69,9402332348.0,218602323491.0,0.4425,2,119926251.0,June,2023,Q2,Tuesday,,,,9402332348.0
2023-06-07,1936.33,2031.89,1913.99,1974.79,1974.79,18976305791.0,236975121685.0,7.753,2,120057933.0,June,2023,Q2,Wednesday,1865.86,,68.8126,18976305791.0
2023-06-08,1930.41,1957.39,1850.36,1917.86,1917.86,10955225619.0,230143775359.0,-2.9683,2,119958052.0,June,2023,Q2,Thursday,1877.02,,70.1911,10955225619.0
2023-06-09,1803.37,1853.53,1803.9,1826.9,1826.9,6306391502.0,219227776662.0,-4.9793,2,120085283.0,June,2023,Q2,Friday,1881.29,,65.254,6306391502.0
2023-06-10,1951.15,1992.25,1899.82,1915.81,1915.81,14255997742.0,229897768101.0,4.6412,2,119879686.0,June,2023,Q2,Saturday,1888.12,,66.1282,14255997742.0
2023-06-11,1817.35,1879.97,1832.51,1843.25,1843.25,6707575902.0,221190506040.0,-3.9365,2,120156086.0,June,2023,Q2,Sunday,1873.42,,62.4138,6707575902.0
2023-06-12,1844.63,1889.44,1800.1,1850.95,1850.95,10178347142.0,222113634086.0,0.4156,2,119914964.0,June,2023,Q2,Monday,1878.75,,57.885,10178347142.0
2023-06-13,1883.63,1935.94,1865.12,1915.4,1915.4,12611179081.0,229847542993.0,3.3648,2,119947114.0,June,2023,Q2,Tuesday,1892.14,,53.1303,12611179081.0
2023-06-14,1785.56,1808.22,1708.51,1750.76,1750.76,18113337870.0,210091570187.0,-9.4035,2,119823237.0,June,2023,Q2,Wednesday,1860.13,,61.8102,18113337870.0
2023-06-15,1773.72,1825.5,1750.3,1773.57,1773.57,12403198705.0,212828049593.0,1.2858,2,119844605.0,June,2023,Q2,Thursday,1839.52,,63.3897,12403198705.0
2023-06-16,1881.41,1898.11,1839.24,1874.26,1874.26,15533881490.0,224910907965.0,5.3723,2,120006345.0,June,2023,Q2,Friday,1846.29,,64.3385,15533881490.0
2023-06-17,1813.87,1860.39,1798.2,1845.84,1845.84,19892252585.0,221500274287.0,-1.5398,2,119907037.0,June,2023,Q2,Saturday,1836.29,,56.7213,19892252585.0
2023-06-18,1979.15,2016.03,1915.69,1959.56,1959.56,6972336798.0,235147368014.0,5.8036,2,120134192.0,June,2023,Q2,Sunday,1852.91,,73.6188,6972336798.0
2023-06-19,1847.58,1921.44,1795.3,1869.27,1869.27,9120972883.0,224312846129.0,-4.8301,2,119805877.0,June,2023,Q2,Monday,1855.52,,73.8629,9120972883.0
2023-06-20,1865.6,1863.1,1818.41,1836.36,1836.36,10918641134.0,220362784991.0,-1.7925,2,119951638.0,June,2023,Q2,Tuesday,1844.23,,69.0698,10918641134.0
2023-06-21,2049.48,2153.34,2013.12,2073.95,2073.95,11327422678.0,248873497984.0,11.4559,2,119934938.0,June,2023,Q2,Wednesday,1890.4,,98.0951,11327422678.0
2023-06-22,1921.83,1965.93,1908.64,1945.91,1945.91,11165316129.0,233509149236.0,-6.5798,2,119807731.0,June,2023,Q2,Thursday,1915.02,,84.5818,11165316129.0
2023-06-23,1939.93,2016.37,1937.07,1976.57,1976.57,18614165038.0,237188794383.0,1.5514,2,119849747.0,June,2023,Q2,Friday,1929.64,,85.2016,18614165038.0
2023-06-24,1862.23,1935.2,1808.16,1864.31,1864.31,15710489667.0,223717091400.0,-6.0218,2,119965457.0,June,2023,Q2,Saturday,1932.28,,82.4144,15710489667.0
2023-06-25,1946.81,1980.01,1885.0,1941.77,1941.77,14118578211.0,233012628750.0,3.9893,2,119997146.0,June,2023,Q2,Sunday,1929.73,,81.704,14118578211.0
2023-06-26,1966.38,2055.87,1921.71,2001.14,2001.14,9640590768.0,240137129303.0,2.9668,2,119961716.0,June,2023,Q2,Monday,1948.57,,80.6349,9640590768.0
2023-06-27,1928.06,1943.12,1888.94,1907.05,1907.05,17356855763.0,228845518719.0,-4.9342,2,120012375.0,June,2023,Q2,Tuesday,1958.67,,67.6147,17356855763.0
2023-06-28,2032.14,2065.67,2018.35,2035.95,2035.95,19325907672.0,244313444993.0,6.3312,2,120038053.0,June,2023,Q2,Wednesday,1953.24,,57.6006,19325907672.0
2023-06-29,1966.42,2041.99,1904.88,1964.51,1964.51,17317974238.0,235740902285.0,-3.6364,2,119803970.0,June,2023,Q2,Thursday,1955.9,,57.635,17317974238.0
2023-06-30,1991.07,2034.37,1945.41,1995.79,1995.79,5023476578.0,239495380048.0,1.5677,2,119985638.0,June,2023,Q2,Friday,1958.65,1898.26,59.2198,5023476578.0
2023-07-01,1969.62,2049.23,1948.6,1977.47,1977.47,14546020553.0,237295907310.0,-0.9269,2,120185400.0,July,2023,Q3,Saturday,1974.81,1902.85,42.1659,14546020553.0
2023-07-02,2185.36,2208.6,2163.19,2180.15,2180.15,5767030722.0,261618598430.0,9.297,2,120007613.0,July,2023,Q3,Sunday,2008.87,1915.62,85.2663,5767030722.0
2023-07-03,2009.07,2062.54,2020.87,2037.16,2037.16,8864108305.0,244459134307.0,-7.0194,2,120071017.0,July,2023,Q3,Monday,2014.01,1921.26,85.8076,8864108305.0
2023-07-04,1934.85,1971.72,1888.65,1959.78,1959.78,5892870505.0,235173976452.0,-3.9482,2,119924746.0,July,2023,Q3,Tuesday,2021.54,1921.71,76.6819,5892870505.0
2023-07-05,2146.88,2175.11,2091.46,2116.26,2116.26,14056931794.0,253950826335.0,7.3939,2,120109597.0,July,2023,Q3,Wednesday,2033.02,1931.8,84.777,14056931794.0
2023-07-06,1993.68,1993.79,1926.77,1958.73,1958.73,15298848702.0,235047591542.0,-8.0423,2,120109169.0,July,2023,Q3,Thursday,2032.19,1936.37,85.5798,15298848702.0
2023-07-07,2068.4,2152.23,2052.05,2078.94,2078.94,6717314571.0,249472795106.0,5.7823,2,120008518.0,July,2023,Q3,Friday,2044.07,1939.84,85.4557,6717314571.0
2023-07-08,1893.65,1952.39,1877.88,1911.18,1911.18,10757583246.0,229341436785.0,-8.7779,2,120190406.0,July,2023,Q3,Saturday,2034.6,1939.62,96.9644,10757583246.0
2023-07-09,1978.64,2043.81,1952.69,1967.31,1967.31,11843547634.0,236076649347.0,2.853,2,119850220.0,July,2023,Q3,Sunday,2004.19,1944.3,74.4806,11843547634.0
2023-07-10,2087.16,2118.88,2046.27,2094.8,2094.8,10535795326.0,251376333600.0,6.0864,2,119806779.0,July,2023,Q3,Monday,2012.43,1950.26,81.5804,10535795326.0
2023-07-11,2102.82,2219.39,2127.72,2143.51,2143.51,6815375007.0,257221121195.0,2.2723,2,120108063.0,July,2023,Q3,Tuesday,2038.68,1960.27,90.8481,6815375007.0
2023-07-12,2074.47,2171.09,2033.96,2103.4,2103.4,11284216853.0,252408397301.0,-1.9067,2,120122862.0,July,2023,Q3,Wednesday,2036.84,1968.69,89.1315,11284216853.0
2023-07-13,2103.6,2152.29,2058.1,2085.59,2085.59,16267670717.0,250270415605.0,-0.8543,2,119848083.0,July,2023,Q3,Thursday,2054.96,1974.36,83.3099,16267670717.0
2023-07-14,2088.97,2147.53,2026.17,2075.78,2075.78,6065114968.0,249093309188.0,-0.4726,2,119906233.0,July,2023,Q3,Friday,2054.51,1985.2,83.1667,6065114968.0
2023-07-15,1948.92,2049.34,1915.37,1986.49,1986.49,6202700211.0,238379194768.0,-4.4946,2,119807021.0,July,2023,Q3,Saturday,2065.27,1992.29,64.2563,6202700211.0
2023-07-16,2029.16,2107.21,1994.97,2051.98,2051.98,10321569378.0,246237402555.0,3.1913,2,119917323.0,July,2023,Q3,Sunday,2077.36,1998.22,48.8702,10321569378.0
2023-07-17,2055.04,2097.32,2028.25,2077.39,2077.39,19125885674.0,249286456744.0,1.2231,2,120109257.0,July,2023,Q3,Monday,2074.88,2005.94,48.2744,19125885674.0
2023-07-18,2218.51,2216.89,2167.33,2203.36,2203.36,15028589701.0,264403423109.0,5.7174,2,120007184.0,July,2023,Q3,Tuesday,2083.43,2014.06,64.895,15028589701.0
2023-07-19,2109.4,2230.79,2114.9,2150.72,2150.72,15180049350.0,258086039661.0,-2.4478,2,119939238.0,July,2023,Q3,Wednesday,2090.19,2023.44,69.6152,15180049350.0
2023-07-20,1955.04,2039.31,1930.02,1986.5,1986.5,10428799863.0,238380198070.0,-8.2666,2,119948696.0,July,2023,Q3,Thursday,2076.03,2028.45,80.0051,10428799863.0
2023-07-21,2183.56,2228.61,2071.81,2157.67,2157.67,13904911868.0,258920542668.0,7.9331,2,119800541.0,July,2023,Q3,Friday,2087.73,2031.24,85.7435,13904911868.0
2023-07-22,2077.95,2151.02,2045.73,2105.02,2105.02,5151967760.0,252602438321.0,-2.5012,2,119919920.0,July,2023,Q3,Saturday,2104.66,2036.54,73.2052,5151967760.0
2023-07-23,2098.38,2104.63,2034.49,2085.64,2085.64,14541440696.0,250276689103.0,-0.9293,2,120058583.0,July,2023,Q3,Sunday,2109.47,2040.18,70.2122,14541440696.0
2023-07-24,2169.62,2213.15,2125.54,2192.58,2192.58,18699304214.0,263109263577.0,4.8773,2,120189678.0,July,2023,Q3,Monday,2125.93,2051.12,74.7895,18699304214.0
2023-07-25,2194.13,2294.51,2182.4,2229.86,2229.86,14188602025.0,267583031138.0,1.6719,2,120138824.0,July,2023,Q3,Tuesday,2129.71,2060.72,79.861,14188602025.0
2023-07-26,2202.64,2270.15,2209.69,2225.5,2225.5,18105478902.0,267060354131.0,-0.1957,2,119809438.0,July,2023,Q3,Wednesday,2140.4,2068.2,87.7513,18105478902.0
2023-07-27,2105.93,2112.46,2035.86,2087.37,2087.37,15859595832.0,250484718070.0,-6.6174,2,120159424.0,July,2023,Q3,Thursday,2154.81,2074.21,63.082,15859595832.0
2023-07-28,2163.52,2180.54,2051.01,2133.17,2133.17,6808376246.0,255980584105.0,2.147,2,120113279.0,July,2023,Q3,Friday,2151.31,2077.45,63.5743,6808376246.0
2023-07-29,2216.6,2203.55,2163.34,2187.7,2187.7,18536799609.0,262523822859.0,2.4924,2,120112150.0,July,2023,Q3,Saturday,2163.12,2084.89,61.177,18536799609.0
2023-07-30,2233.2,2299.31,2177.06,2242.42,2242.42,5996657665.0,269090647175.0,2.4404,2,119983198.0,July,2023,Q3,Sunday,2185.51,2093.11,56.6136,5996657665.0
2023-07-31,2143.43,2159.81,2103.5,2129.12,2129.12,13009512088.0,255494320340.0,-5.3216,2,119959202.0,July,2023,Q3,Monday,2176.45,2098.17,60.2573,13009512088.0
2023-08-01,2130.13,2226.52,2104.37,2155.57,2155.57,7132056857.0,258668530046.0,1.2271,2,119921166.0,August,2023,Q3,Tuesday,2165.84,2097.35,55.6483,7132056857.0
2023-08-02,2067.54,2117.86,2067.31,2084.79,2084.79,5175599161.0,250174227732.0,-3.3954,2,119826278.0,August,2023,Q3,Wednesday,2145.73,2098.94,55.9173,5175599161.0
2023-08-03,2113.34,2123.91,2037.17,2080.36,2080.36,11330513902.0,249643625698.0,-0.2125,2,119891294.0,August,2023,Q3,Thursday,2144.73,2102.96,57.1852,11330513902.0
2023-08-04,2200.02,2255.86,2173.13,2243.73,2243.73,9425610615.0,269247870265.0,7.2811,2,119898641.0,August,2023,Q3,Friday,2160.53,2107.21,67.7512,9425610615.0
2023-08-05,2251.84,2307.06,2250.5,2289.8,2289.8,12290007407.0,274776469659.0,2.012,2,119993631.0,August,2023,Q3,Saturday,2175.11,2118.24,83.6912,12290007407.0
2023-08-06,2152.58,2218.84,2116.45,2178.03,2178.03,13657998301.0,261363037419.0,-5.1321,2,120098978.0,August,2023,Q3,Sunday,2165.91,2121.54,78.4339,13657998301.0
2023-08-07,2223.54,2315.86,2192.03,2266.46,2266.46,5656086085.0,271975155292.0,3.9019,2,119989524.0,August,2023,Q3,Monday,2185.53,2133.39,84.6289,5656086085.0
2023-08-08,2189.16,2275.07,2134.37,2217.41,2217.41,6845049427.0,266089308257.0,-2.212,2,119823138.0,August,2023,Q3,Tuesday,2194.37,2141.72,84.2063,6845049427.0
2023-08-09,2146.19,2171.62,2110.83,2139.09,2139.09,13379635947.0,256690608640.0,-3.6615,2,120183116.0,August,2023,Q3,Wednesday,2202.13,2143.2,74.3541,13379635947.0
2023-08-10,2214.76,2286.9,2179.59,2221.75,2221.75,10147510298.0,266609451855.0,3.7204,2,120177090.0,August,2023,Q3,Thursday,2222.32,2145.81,51.4353,10147510298.0
2023-08-11,2354.34,2399.3,2293.98,2317.93,2317.93,15937602313.0,278151999378.0,4.1497,2,120114076.0,August,2023,Q3,Friday,2232.92,2152.96,62.9408,15937602313.0
2023-08-12,2221.86,2264.86,2106.82,2194.0,2194.0,14784374729.0,263280581115.0,-5.6485,2,120196531.0,August,2023,Q3,Saturday,2219.24,2156.57,58.7912,14784374729.0
2023-08-13,2309.25,2338.79,2236.93,2323.95,2323.95,17684065445.0,278874002123.0,5.5916,2,120017793.0,August,2023,Q3,Sunday,2240.08,2164.85,67.036,17684065445.0
2023-08-14,1971.88,2034.48,1943.45,1991.04,1991.04,15387392400.0,238924422259.0,-16.7206,2,120185107.0,August,2023,Q3,Monday,2200.74,2165.0,113.6176,15387392400.0
2023-08-15,2257.23,2287.81,2189.95,2268.14,2268.14,11448966161.0,272176832839.0,12.2172,2,119830242.0,August,2023,Q3,Tuesday,2207.99,2172.2,116.4411,11448966161.0
2023-08-16,2219.05,2240.85,2159.69,2211.06,2211.06,15094499336.0,265327265945.0,-2.5816,2,119946272.0,August,2023,Q3,Wednesday,2218.27,2176.66,112.4529,15094499336.0
2023-08-17,2161.58,2268.08,2123.3,2181.83,2181.83,9130717614.0,261819059966.0,-1.3399,2,119890153.0,August,2023,Q3,Thursday,2212.56,2175.94,113.2563,9130717614.0
2023-08-18,2225.68,2236.8,2196.7,2214.68,2214.68,9594702482.0,265761649415.0,1.4835,2,119878333.0,August,2023,Q3,Friday,2197.81,2178.07,103.5547,9594702482.0
2023-08-19,2042.45,2095.92,1985.44,2049.88,2049.88,16834777399.0,245985034583.0,-8.0398,2,119856321.0,August,2023,Q3,Saturday,2177.23,2180.18,117.7881,16834777399.0
2023-08-20,2197.36,2251.21,2172.03,2192.8,2192.8,11696292746.0,263135974226.0,6.5179,2,120048965.0,August,2023,Q3,Sunday,2158.49,2181.36,99.5838,11696292746.0
2023-08-21,2234.67,2306.68,2164.41,2240.39,2240.39,16975705108.0,268846861315.0,2.1242,2,120112529.0,August,2023,Q3,Monday,2194.11,2185.87,69.866,16975705108.0
2023-08-22,2312.29,2388.79,2255.99,2331.46,2331.46,17336335605.0,279775204307.0,3.9061,2,120031319.0,August,2023,Q3,Tuesday,2203.16,2194.06,83.7647,17336335605.0
2023-08-23,2212.12,2184.75,2108.36,2173.14,2173.14,17863435065.0,260776415103.0,-7.2855,2,119858785.0,August,2023,Q3,Wednesday,2197.74,2193.41,84.3922,17863435065.0
2023-08-24,2173.94,2186.59,2137.78,2151.26,2151.26,18749528538.0,258150672783.0,-1.0171,2,120124450.0,August,2023,Q3,Thursday,2193.37,2190.79,86.1259,18749528538.0
2023-08-25,2145.76,2227.44,2143.12,2177.1,2177.1,11464778308.0,261252232682.0,1.1872,2,120054382.0,August,2023,Q3,Friday,2188.0,2189.18,85.7468,11464778308.0
2023-08-26,2325.53,2310.26,2259.19,2291.76,2291.76,9783002275.0,275010812783.0,5.0029,2,119955266.0,August,2023,Q3,Saturday,2222.56,2195.99,67.6314,9783002275.0
2023-08-27,2244.96,2284.88,2206.54,2246.09,2246.09,13732981199.0,269530258550.0,-2.0334,2,120069652.0,August,2023,Q3,Sunday,2230.17,2199.76,66.7165,13732981199.0
2023-08-28,2213.03,2192.07,2161.07,2178.65,2178.65,10567586352.0,261437771773.0,-3.0954,2,119903962.0,August,2023,Q3,Monday,2221.35,2199.46,69.1761,10567586352.0
2023-08-29,2290.47,2280.86,2177.78,2263.32,2263.32,14016112502.0,271598470862.0,3.7411,2,119938077.0,August,2023,Q3,Tuesday,2211.62,2200.15,54.2927,14016112502.0
2023-08-30,2224.57,2273.4,2176.84,2231.25,2231.25,15583787940.0,267749581133.0,-1.4375,2,120166994.0,August,2023,Q3,Wednesday,2219.92,2203.56,51.815,15583787940.0
2023-08-31,2258.21,2324.39,2266.06,2302.19,2302.19,15326075277.0,276262549844.0,3.0815,2,119916202.0,August,2023,Q3,Thursday,2241.48,2208.44,49.8482,15326075277.0
2023-09-01,2149.67,2223.7,2128.75,2169.75,2169.75,10618293305.0,260369647098.0,-6.104,2,119987995.0,September,2023,Q3,Friday,2240.43,2211.28,51.481,10618293305.0
2023-09-02,2204.58,2265.03,2155.46,2200.92,2200.92,7502903025.0,264109966256.0,1.4162,2,120156056.0,September,2023,Q3,Saturday,2227.45,2215.3,47.6955,7502903025.0
2023-09-03,2208.72,2269.53,2139.82,2196.99,2196.99,11457940077.0,263638307033.0,-0.1789,2,120083089.0,September,2023,Q3,Sunday,2220.44,2213.74,48.1065,11457940077.0
2023-09-04,2092.05,2137.87,2063.82,2112.51,2112.51,7138912161.0,253501168779.0,-3.9989,2,119824881.0,September,2023,Q3,Monday,2210.99,2207.83,62.1326,7138912161.0
2023-09-05,2222.01,2279.02,2170.71,2254.53,2254.53,18351455528.0,270543865025.0,6.2994,2,119858921.0,September,2023,Q3,Tuesday,2209.73,2210.38,60.9768,18351455528.0
2023-09-06,2283.18,2272.51,2202.54,2253.0,2253.0,10188161911.0,270359754566.0,-0.0681,2,119803137.0,September,2023,Q3,Wednesday,2212.84,2209.93,62.7833,10188161911.0
2023-09-07,2277.1,2294.74,2145.08,2233.82,2233.82,7316896208.0,268058023881.0,-0.8587,2,120052369.0,September,2023,Q3,Thursday,2203.07,2210.48,50.7274,7316896208.0
2023-09-08,2218.24,2281.84,2138.85,2215.96,2215.96,5381716399.0,265915484456.0,-0.8057,2,119979069.0,September,2023,Q3,Friday,2209.68,2213.04,48.6314,5381716399.0
2023-09-09,2094.97,2135.81,2096.75,2122.85,2122.85,14687335794.0,254742298004.0,-4.3861,2,119853710.0,September,2023,Q3,Saturday,2198.52,2209.74,58.8521,14687335794.0
2023-09-10,2183.75,2287.05,2121.02,2203.82,2203.82,14553534762.0,264458218183.0,3.6739,2,120183174.0,September,2023,Q3,Sunday,2199.5,2205.94,58.8791,14553534762.0
2023-09-11,2168.88,2226.56,2191.42,2211.48,2211.48,10109062499.0,265377595051.0,0.3464,2,120011864.0,September,2023,Q3,Monday,2213.64,2206.52,44.6799,10109062499.0
2023-09-12,2212.25,2228.29,2103.04,2176.18,2176.18,6075678333.0,261142178183.0,-1.6219,2,119896757.0,September,2023,Q3,Tuesday,2202.44,2201.6,42.4884,6075678333.0
2023-09-13,2194.9,2295.44,2188.14,2228.98,2228.98,11144433423.0,267477680486.0,2.3686,2,120000241.0,September,2023,Q3,Wednesday,2199.01,2209.53,38.5085,11144433423.0
2023-09-14,2282.74,2356.53,2194.46,2275.77,2275.77,9668262426.0,273092939410.0,2.0562,2,120071848.0,September,2023,Q3,Thursday,2205.01,2209.78,47.1278,9668262426.0
2023-09-15,2374.31,2467.83,2311.19,2395.97,2395.97,15156809596.0,287515947783.0,5.0164,2,119830496.0,September,2023,Q3,Friday,2230.72,2215.94,86.6453,15156809596.0
2023-09-16,2265.62,2335.46,2185.64,2260.72,2260.72,14086688742.0,271285938037.0,-5.9826,2,119909882.0,September,2023,Q3,Saturday,2250.42,2218.57,72.5634,14086688742.0
2023-09-17,2282.84,2307.4,2195.01,2269.09,2269.09,10468905923.0,272291242324.0,0.3692,2,120122786.0,September,2023,Q3,Sunday,2259.74,2220.39,69.7154,10468905923.0
2023-09-18,2273.94,2319.57,2209.18,2244.34,2244.34,8268388314.0,269320599939.0,-1.103,2,119983866.0,September,2023,Q3,Monday,2264.44,2226.87,66.9766,8268388314.0
2023-09-19,2074.02,2115.04,2082.23,2098.66,2098.66,19820539492.0,251839759629.0,-6.9413,2,120018631.0,September,2023,Q3,Tuesday,2253.36,2223.73,87.3205,19820539492.0
2023-09-20,2207.94,2333.78,2208.97,2251.99,2251.99,11810024318.0,270238669185.0,6.8084,2,119973126.0,September,2023,Q3,Wednesday,2256.65,2224.12,86.6805,11810024318.0
2023-09-21,2228.11,2315.58,2235.91,2260.95,2260.95,15324113537.0,271313594003.0,0.3962,2,119817560.0,September,2023,Q3,Thursday,2254.53,2221.77,86.3158,15324113537.0
2023-09-22,2494.57,2537.79,2383.29,2455.28,2455.28,7108294514.0,294634007750.0,7.915,2,119866300.0,September,2023,Q3,Friday,2263.0,2231.17,103.6783,7108294514.0
2023-09-23,2278.59,2291.78,2206.59,2245.01,2245.01,12283845495.0,269401399910.0,-9.3662,2,119978217.0,September,2023,Q3,Saturday,2260.76,2234.3,103.9058,12283845495.0
2023-09-24,2295.69,2349.73,2197.27,2286.78,2286.78,5413050798.0,274414136440.0,1.8267,2,119883674.0,September,2023,Q3,Sunday,2263.29,2237.95,104.3563,5413050798.0
2023-09-25,2271.33,2315.22,2200.17,2262.23,2262.23,12581826769.0,271467641793.0,-1.0854,2,119819992.0,September,2023,Q3,Monday,2265.84,2236.97,104.0335,12581826769.0
2023-09-26,2188.3,2240.48,2100.5,2173.95,2173.95,19460261107.0,260873863164.0,-4.0609,2,120137460.0,September,2023,Q3,Tuesday,2276.6,2234.56,86.2382,19460261107.0
2023-09-27,2330.73,2379.95,2338.64,2361.4,2361.4,10763100695.0,283367589585.0,7.938,2,120192477.0,September,2023,Q3,Wednesday,2292.23,2240.66,90.8275,10763100695.0
2023-09-28,2371.42,2349.34,2250.7,2332.75,2332.75,5584940189.0,279929689538.0,-1.2281,2,120117257.0,September,2023,Q3,Thursday,2302.49,2242.97,90.7607,5584940189.0
2023-09-29,2331.0,2370.51,2251.37,2338.59,2338.59,5464336864.0,280631294089.0,0.25,2,120141514.0,September,2023,Q3,Friday,2285.82,2246.55,65.1117,5464336864.0
2023-09-30,2195.07,2228.72,2156.76,2205.38,2205.38,10819801399.0,264645411657.0,-6.0405,2,119896791.0,September,2023,Q3,Saturday,2280.15,2243.32,70.7315,10819801399.0
2023-10-01,2395.08,2478.26,2330.52,2393.27,2393.27,7400374047.0,287192650930.0,7.8509,2,120184251.0,October,2023,Q4,Sunday,2295.37,2250.77,82.8139,7400374047.0
2023-10-02,2132.56,2199.45,2102.92,2171.92,2171.92,5350281445.0,260630747405.0,-10.1914,2,119878770.0,October,2023,Q4,Monday,2282.47,2249.81,94.978,5350281445.0
2023-10-03,2302.99,2425.54,2308.19,2334.15,2334.15,16343204209.0,280097668062.0,6.95,2,120180572.0,October,2023,Q4,Tuesday,2305.35,2254.38,83.0203,16343204209.0
2023-10-04,2489.15,2507.07,2409.97,2465.67,2465.67,11877845133.0,295880384194.0,5.3342,2,120197928.0,October,2023,Q4,Wednesday,2320.25,2266.15,101.949,11877845133.0
2023-10-05,2177.58,2239.72,2172.56,2214.53,2214.53,9338671580.0,265744081915.0,-11.3403,2,120084689.0,October,2023,Q4,Thursday,2303.36,2264.82,109.0755,9338671580.0
2023-10-06,2261.22,2325.43,2229.13,2251.93,2251.93,18501247745.0,270231229993.0,1.6605,2,120192457.0,October,2023,Q4,Friday,2290.98,2264.78,109.328,18501247745.0
2023-10-07,2285.25,2373.54,2267.53,2308.77,2308.77,6742084403.0,277052207173.0,2.462,2,120027816.0,October,2023,Q4,Saturday,2305.75,2267.28,102.6142,6742084403.0
2023-10-08,2254.17,2315.0,2247.47,2264.2,2264.2,19338782434.0,271703617275.0,-1.9685,2,119903817.0,October,2023,Q4,Sunday,2287.31,2268.89,95.6246,19338782434.0
2023-10-09,2165.75,2237.59,2171.32,2184.21,2184.21,9709500761.0,262105746949.0,-3.6618,2,119974798.0,October,2023,Q4,Monday,2289.07,2270.93,93.2359,9709500761.0
2023-10-10,2304.28,2387.59,2295.11,2317.66,2317.66,18326055085.0,278119278615.0,5.7578,2,120037424.0,October,2023,Q4,Tuesday,2286.71,2274.73,92.1084,18326055085.0
2023-10-11,2250.76,2260.21,2144.85,2231.22,2231.22,14044143147.0,267745849014.0,-3.8744,2,119829233.0,October,2023,Q4,Wednesday,2253.22,2275.38,48.4834,14044143147.0
2023-10-12,2339.09,2452.25,2301.08,2358.23,2358.23,17400610396.0,282987365142.0,5.3859,2,120048937.0,October,2023,Q4,Thursday,2273.75,2281.45,58.7153,17400610396.0
2023-10-13,2257.02,2339.1,2163.7,2251.05,2251.05,19760197448.0,270125414303.0,-4.7615,2,120192471.0,October,2023,Q4,Friday,2273.62,2282.19,58.7707,19760197448.0
2023-10-14,2450.62,2521.07,2403.57,2452.97,2452.97,9326081567.0,294356419152.0,8.2319,2,119876043.0,October,2023,Q4,Saturday,2294.22,2288.1,90.078,9326081567.0
2023-10-15,2285.68,2298.02,2234.67,2270.81,2270.81,19417032281.0,272497171929.0,-8.0218,2,120117038.0,October,2023,Q4,Sunday,2295.16,2283.92,89.7449,19417032281.0
2023-10-16,2352.72,2378.93,2259.79,2312.32,2312.32,10842228424.0,277478183581.0,1.7951,2,120163160.0,October,2023,Q4,Monday,2313.47,2285.64,75.2372,10842228424.0
2023-10-17,2430.3,2426.02,2358.82,2407.9,2407.9,10782678571.0,288947532275.0,3.9694,2,120177481.0,October,2023,Q4,Tuesday,2326.36,2290.27,83.3674,10782678571.0
2023-10-18,2223.55,2262.85,2229.63,2249.2,2249.2,10105806564.0,269903474118.0,-7.0559,2,120184054.0,October,2023,Q4,Wednesday,2328.93,2290.43,80.163,10105806564.0
2023-10-19,2326.37,2404.07,2305.8,2370.83,2370.83,13121114110.0,284499575832.0,5.1304,2,120008584.0,October,2023,Q4,Thursday,2330.73,2299.5,81.0671,13121114110.0
2023-10-20,2438.88,2514.47,2431.36,2462.29,2462.29,7312175648.0,295474859952.0,3.7145,2,120190923.0,October,2023,Q4,Friday,2360.9,2306.52,85.6519,7312175648.0
2023-10-21,2242.82,2313.4,2174.7,2234.32,2234.32,13305672280.0,268118858709.0,-10.2029,2,120102924.0,October,2023,Q4,Saturday,2329.67,2305.63,86.3469,13305672280.0
2023-10-22,2340.25,2455.58,2316.87,2383.01,2383.01,13125572186.0,285961592615.0,6.2396,2,119864669.0,October,2023,Q4,Sunday,2345.7,2303.22,83.9817,13125572186.0
2023-10-23,2394.12,2468.69,2369.76,2394.47,2394.47,16428527189.0,287336299543.0,0.4784,2,119990760.0,October,2023,Q4,Monday,2357.43,2308.2,84.2798,16428527189.0
2023-10-24,2451.23,2490.35,2424.32,2441.78,2441.78,17504749429.0,293013038053.0,1.9374,2,120087332.0,October,2023,Q4,Tuesday,2362.27,2313.37,88.527,17504749429.0
2023-10-25,2270.78,2325.05,2212.04,2285.94,2285.94,11606620255.0,274312594980.0,-6.8172,2,119898936.0,October,2023,Q4,Wednesday,2367.52,2314.16,81.5175,11606620255.0
2023-10-26,2309.8,2326.13,2236.84,2285.04,2285.04,9534998740.0,274204247929.0,-0.0395,2,120056246.0,October,2023,Q4,Thursday,2355.26,2317.86,87.1887,9534998740.0
2023-10-27,2399.95,2534.79,2421.16,2438.32,2438.32,8890023460.0,292597947046.0,6.2863,2,120066640.0,October,2023,Q4,Friday,2351.84,2320.42,82.6366,8890023460.0
2023-10-28,2385.08,2441.86,2329.7,2426.32,2426.32,7919357551.0,291158229334.0,-0.4945,2,119865080.0,October,2023,Q4,Saturday,2379.27,2323.54,67.63,7919357551.0
2023-10-29,2450.87,2514.55,2411.65,2428.71,2428.71,5864713733.0,291444777366.0,0.0983,2,120026034.0,October,2023,Q4,Sunday,2385.8,2326.55,70.208,5864713733.0
2023-10-30,2442.16,2504.28,2370.96,2442.6,2442.6,10136719683.0,293111613240.0,0.5687,2,120108651.0,October,2023,Q4,Monday,2392.67,2334.45,73.4795,10136719683.0
2023-10-31,2384.63,2414.97,2273.48,2366.8,2366.8,9053715382.0,284015711074.0,-3.2026,2,119999558.0,October,2023,Q4,Tuesday,2381.96,2333.57,70.5339,9053715382.0
2023-11-01,2439.82,2520.53,2413.49,2446.2,2446.2,19496260788.0,293544159162.0,3.246,2,119804841.0,November,2023,Q4,Wednesday,2404.86,2342.71,59.2841,19496260788.0
2023-11-02,2432.66,2511.74,2433.07,2457.59,2457.59,13365632394.0,294910681104.0,0.4634,2,119803615.0,November,2023,Q4,Thursday,2429.51,2346.83,29.6068,13365632394.0
2023-11-03,2414.04,2468.4,2361.57,2383.62,2383.62,10209155585.0,286033894665.0,-3.1034,2,119942812.0,November,2023,Q4,Friday,2421.69,2344.09,33.8126,10209155585.0
2023-11-04,2627.84,2691.59,2556.2,2596.74,2596.74,13707014015.0,311609128522.0,8.2075,2,120170478.0,November,2023,Q4,Saturday,2446.04,2356.84,74.5333,13707014015.0
2023-11-05,2511.61,2541.44,2470.92,2492.2,2492.2,7087950520.0,299063763324.0,-4.1949,2,119891471.0,November,2023,Q4,Sunday,2455.11,2364.84,75.9235,7087950520.0
2023-11-06,2344.33,2400.64,2296.74,2365.89,2365.89,11660656238.0,283906670690.0,-5.3388,2,120053745.0,November,2023,Q4,Monday,2444.15,2366.75,83.2155,11660656238.0
2023-11-07,2529.81,2585.57,2502.61,2520.71,2520.71,14393514821.0,302484939608.0,6.1419,2,119888830.0,November,2023,Q4,Tuesday,2466.14,2375.3,79.628,14393514821.0
2023-11-08,2383.95,2485.82,2342.56,2397.29,2397.29,12333467477.0,287674213575.0,-5.1484,2,119928668.0,November,2023,Q4,Wednesday,2459.15,2382.4,83.7101,12333467477.0
2023-11-09,2503.8,2576.88,2443.86,2545.39,2545.39,11026682010.0,305446250414.0,5.8184,2,120139217.0,November,2023,Q4,Thursday,2471.69,2389.99,89.7943,11026682010.0
2023-11-10,2625.45,2651.56,2495.87,2582.35,2582.35,19907725833.0,309881428579.0,1.4313,2,120091545.0,November,2023,Q4,Friday,2500.08,2401.7,88.7177,19907725833.0
2023-11-11,2396.0,2497.22,2366.81,2431.32,2431.32,18204721432.0,291758258626.0,-6.2117,2,119838160.0,November,2023,Q4,Saturday,2476.45,2404.13,80.313,18204721432.0
2023-11-12,2627.92,2660.58,2540.86,2581.43,2581.43,14351089372.0,309771964570.0,5.8152,2,119971481.0,November,2023,Q4,Sunday,2489.2,2415.15,89.7556,14351089372.0
2023-11-13,2539.35,2569.29,2476.55,2544.85,2544.85,13540660418.0,305381453905.0,-1.4377,2,119811668.0,November,2023,Q4,Monday,2514.76,2418.21,72.6335,13540660418.0
2023-11-14,2552.56,2662.81,2524.5,2585.11,2585.11,14309907197.0,310213797669.0,1.5577,2,119992356.0,November,2023,Q4,Tuesday,2523.96,2428.68,77.4323,14309907197.0
2023-11-15,2683.17,2777.3,2625.34,2678.68,2678.68,8019681617.0,321442147609.0,3.4931,2,120064974.0,November,2023,Q4,Wednesday,2564.16,2440.9,73.6597,8019681617.0
2023-11-16,2552.48,2543.35,2490.88,2514.96,2514.96,10927066149.0,301795358416.0,-6.51,2,119847401.0,November,2023,Q4,Thursday,2559.81,2444.47,75.8185,10927066149.0
2023-11-17,2505.06,2515.05,2392.57,2482.0,2482.0,5591892993.0,297840175242.0,-1.328,2,119915554.0,November,2023,Q4,Friday,2545.48,2452.23,80.2073,5591892993.0
2023-11-18,2509.3,2575.57,2427.48,2478.9,2478.9,12133190562.0,297468036874.0,-0.1251,2,119959135.0,November,2023,Q4,Saturday,2552.28,2455.83,70.3283,12133190562.0
2023-11-19,2508.44,2520.86,2463.17,2492.61,2492.61,13145368759.0,299112863129.0,0.5499,2,120167812.0,November,2023,Q4,Sunday,2539.59,2456.84,72.1796,13145368759.0
2023-11-20,2579.25,2648.9,2513.82,2559.56,2559.56,8416246042.0,307147216973.0,2.6158,2,120197302.0,November,2023,Q4,Monday,2541.69,2467.68,72.5715,8416246042.0
2023-11-21,2637.25,2658.74,2550.21,2600.92,2600.92,19460432707.0,312110233977.0,1.5901,2,119817965.0,November,2023,Q4,Tuesday,2543.95,2474.94,74.3718,19460432707.0
2023-11-22,2577.63,2639.25,2515.27,2603.7,2603.7,18641819164.0,312443757547.0,0.1067,2,120104403.0,November,2023,Q4,Wednesday,2533.24,2481.92,54.4691,18641819164.0
2023-11-23,2654.58,2749.92,2574.24,2655.71,2655.71,15832148532.0,318684938827.0,1.9584,2,119948690.0,November,2023,Q4,Thursday,2553.34,2489.05,70.2817,15832148532.0
2023-11-24,2569.6,2652.07,2515.61,2598.57,2598.57,13000799431.0,311828883294.0,-2.1987,2,119956983.0,November,2023,Q4,Friday,2570.0,2499.47,64.0984,13000799431.0
2023-11-25,2774.94,2784.5,2707.18,2721.84,2721.84,18049537395.0,326621234020.0,4.5289,2,120101706.0,November,2023,Q4,Saturday,2604.7,2514.03,71.8545,18049537395.0
2023-11-26,2638.49,2638.0,2541.72,2592.44,2592.44,6959785157.0,311092520060.0,-4.9917,2,120167371.0,November,2023,Q4,Sunday,2618.96,2519.17,53.4487,6959785157.0
2023-11-27,2786.98,2912.41,2777.26,2839.29,2839.29,16857646914.0,340714963077.0,8.6942,2,120180371.0,November,2023,Q4,Monday,2658.92,2532.93,92.1751,16857646914.0
2023-11-28,2701.85,2708.55,2664.61,2679.81,2679.81,6872312210.0,321577568680.0,-5.9511,2,120030849.0,November,2023,Q4,Tuesday,2670.19,2541.3,88.6568,6872312210.0
2023-11-29,2612.98,2617.29,2533.07,2569.28,2569.28,16913159938.0,308313495287.0,-4.3021,2,119942848.0,November,2023,Q4,Wednesday,2665.28,2545.53,93.7667,16913159938.0
2023-11-30,2527.57,2659.95,2479.35,2560.28,2560.28,9136513524.0,307233419690.0,-0.3515,2,120115020.0,November,2023,Q4,Thursday,2651.64,2551.97,101.9681,9136513524.0
2023-12-01,2699.97,2730.44,2666.26,2692.65,2692.65,18156358715.0,323117747515.0,4.916,2,119900401.0,December,2023,Q4,Friday,2665.08,2560.19,99.9876,18156358715.0
2023-12-02,2688.22,2718.27,2581.51,2644.27,2644.27,19160631407.0,317312549432.0,-1.8295,2,120025630.0,December,2023,Q4,Saturday,2654.0,2566.41,96.8999,19160631407.0
2023-12-03,2676.52,2772.04,2693.18,2727.36,2727.36,7231939541.0,327283242602.0,3.0465,2,119943431.0,December,2023,Q4,Sunday,2673.28,2577.87,96.0281,7231939541.0
2023-12-04,2737.63,2803.29,2701.45,2716.18,2716.18,11940134076.0,325941742118.0,-0.4116,2,120062652.0,December,2023,Q4,Monday,2655.69,2581.85,67.6309,11940134076.0
2023-12-05,2658.83,2706.24,2644.53,2680.56,2680.56,19714810672.0,321667616780.0,-1.3287,2,119896160.0,December,2023,Q4,Tuesday,2655.8,2588.13,67.676,19714810672.0
2023-12-06,2671.29,2728.99,2523.85,2626.7,2626.7,12251111540.0,315203473427.0,-2.0508,2,119876637.0,December,2023,Q4,Wednesday,2664.0,2596.82,58.2676,12251111540.0
2023-12-07,2629.92,2635.18,2495.96,2581.28,2581.28,17953212838.0,309753401511.0,-1.7595,2,120167296.0,December,2023,Q4,Thursday,2667.0,2598.84,52.2693,17953212838.0
2023-12-08,2722.28,2710.22,2571.54,2674.75,2674.75,13830972832.0,320969476823.0,3.4944,2,119840721.0,December,2023,Q4,Friday,2664.44,2608.09,51.2328,13830972832.0
2023-12-09,2784.07,2808.05,2725.43,2786.95,2786.95,10629948619.0,334433902552.0,4.026,2,120002383.0,December,2023,Q4,Saturday,2684.83,2616.14,67.6285,10629948619.0
2023-12-10,2783.23,2773.52,2719.25,2743.5,2743.5,9286753333.0,329220124925.0,-1.5837,2,119888341.0,December,2023,Q4,Sunday,2687.13,2621.52,69.5677,9286753333.0
2023-12-11,2670.92,2695.71,2570.91,2634.61,2634.61,8048346366.0,316153514341.0,-4.133,2,119815572.0,December,2023,Q4,Monday,2675.48,2628.29,70.7132,8048346366.0
2023-12-12,2736.04,2802.27,2698.37,2755.98,2755.98,16426972871.0,330717895023.0,4.4039,2,119814408.0,December,2023,Q4,Tuesday,2686.25,2634.11,77.0759,16426972871.0
2023-12-13,2817.35,2875.34,2684.68,2780.76,2780.76,10798107602.0,333691671447.0,0.8912,2,119870089.0,December,2023,Q4,Wednesday,2708.26,2641.97,79.2029,10798107602.0
2023-12-14,2637.23,2740.95,2664.33,2686.99,2686.99,12669131933.0,322438926193.0,-3.4899,2,120146708.0,December,2023,Q4,Thursday,2723.36,2645.37,58.2672,12669131933.0
2023-12-15,2788.4,2815.77,2716.35,2777.71,2777.71,12384882200.0,333324676688.0,3.2658,2,119912991.0,December,2023,Q4,Friday,2738.07,2648.67,56.9304,12384882200.0
2023-12-16,2747.72,2851.6,2749.24,2777.72,2777.72,13659185438.0,333325868722.0,0.0004,2,120180184.0,December,2023,Q4,Saturday,2736.75,2657.43,55.7033,13659185438.0
2023-12-17,2648.4,2769.18,2645.21,2689.21,2689.21,17983657184.0,322705465008.0,-3.2911,2,120032649.0,December,2023,Q4,Sunday,2729.0,2664.34,58.3251,17983657184.0
2023-12-18,2769.13,2847.35,2730.02,2816.8,2816.8,19711090154.0,338016001653.0,4.5295,2,119974646.0,December,2023,Q4,Monday,2755.02,2675.6,49.1077,19711090154.0
2023-12-19,2862.8,2871.37,2778.97,2840.5,2840.5,11113763129.0,340859977724.0,0.8344,2,120032036.0,December,2023,Q4,Tuesday,2767.1,2687.2,58.8134,11113763129.0
2023-12-20,2871.16,2907.83,2837.21,2889.67,2889.67,17412783832.0,346760483053.0,1.7016,2,120006679.0,December,2023,Q4,Wednesday,2782.66,2698.2,75.1628,17412783832.0
2023-12-21,2920.67,2983.73,2840.21,2894.65,2894.65,16467916920.0,347357588679.0,0.1719,2,120103511.0,December,2023,Q4,Thursday,2812.32,2707.99,72.0261,16467916920.0
2023-12-22,2660.3,2783.81,2650.29,2707.37,2707.37,13602934272.0,324884135850.0,-6.9174,2,119912998.0,December,2023,Q4,Friday,2802.27,2711.45,81.8909,13602934272.0
2023-12-23,2729.4,2809.14,2660.42,2749.71,2749.71,19340707154.0,329965722007.0,1.54,2,119941220.0,December,2023,Q4,Saturday,2798.27,2714.58,83.9492,19340707154.0
2023-12-24,2877.56,2972.27,2768.95,2873.02,2873.02,8007117733.0,344762313600.0,4.2918,2,120157638.0,December,2023,Q4,Sunday,2824.53,2723.73,72.0539,8007117733.0
2023-12-25,2913.4,2975.52,2769.22,2879.91,2879.91,6638963155.0,345589160866.0,0.2393,2,120178583.0,December,2023,Q4,Monday,2833.55,2729.0,74.8205,6638963155.0
2023-12-26,2865.98,2960.49,2792.97,2886.91,2886.91,17809429504.0,346429490506.0,0.2426,2,120157023.0,December,2023,Q4,Tuesday,2840.18,2738.81,77.5459,17809429504.0
2023-12-27,3176.65,3272.59,3110.04,3160.74,3160.74,11587247250.0,379288529095.0,8.6633,2,119967779.0,December,2023,Q4,Wednesday,2878.9,2749.53,144.8529,11587247250.0
2023-12-28,2949.76,2940.36,2820.42,2904.91,2904.91,17704532813.0,348588880624.0,-8.8068,2,120112146.0,December,2023,Q4,Thursday,2880.37,2757.03,145.0905,17704532813.0
2023-12-29,2970.4,2983.07,2896.63,2956.7,2956.7,18396353078.0,354804244785.0,1.7518,2,119990534.0,December,2023,Q4,Friday,2915.99,2769.94,124.7167,18396353078.0
2023-12-30,2917.2,2991.28,2907.67,2948.7,2948.7,5936863904.0,353843893261.0,-0.2714,2,119999016.0,December,2023,Q4,Saturday,2944.41,2782.89,100.9054,5936863904.0
2023-12-31,2875.15,2951.42,2830.0,2930.91,2930.91,18251971445.0,351709407612.0,-0.6069,2,119881872.0,December,2023,Q4,Sunday,2952.68,2790.83,96.3484,18251971445.0
2024-01-01,2902.24,2927.37,2841.75,2859.9,2859.9,11724785831.0,343187704823.0,-2.4831,2,120036452.0,January,2024,Q1,Monday,2949.82,2798.02,99.1242,11724785831.0
2024-01-02,2895.52,3063.58,2844.12,2952.05,2952.05,12656487335.0,354246058514.0,3.1217,2,119874454.0,January,2024,Q1,Tuesday,2959.13,2805.51,95.214,12656487335.0
2024-01-03,2878.11,2853.7,2775.64,2835.61,2835.61,14398887666.0,340273701470.0,-4.1062,2,119932626.0,January,2024,Q1,Wednesday,2912.68,2809.49,48.1377,14398887666.0
2024-01-04,2887.83,2911.24,2805.74,2884.49,2884.49,18895739101.0,346139233359.0,1.6946,2,120142012.0,January,2024,Q1,Thursday,2909.77,2816.29,49.2921,18895739101.0
2024-01-05,2920.91,2930.28,2789.9,2870.5,2870.5,5286741416.0,344459878527.0,-0.4875,2,119882830.0,January,2024,Q1,Friday,2897.45,2824.42,46.2885,5286741416.0
2024-01-06,2956.57,3031.76,2815.51,2921.66,2921.66,12152652025.0,350598669934.0,1.7509,2,119828463.0,January,2024,Q1,Saturday,2893.59,2835.76,42.2511,12152652025.0
2024-01-07,3167.81,3155.84,3021.2,3105.94,3105.94,15315830636.0,372713183756.0,5.9334,2,119827603.0,January,2024,Q1,Sunday,2918.59,2850.14,91.3187,15315830636.0
2024-01-08,2760.36,2840.12,2703.39,2776.94,2776.94,15840604365.0,333232829433.0,-11.8477,2,120176314.0,January,2024,Q1,Monday,2906.74,2849.8,104.6201,15840604365.0
2024-01-09,3018.58,3005.94,2964.76,2986.66,2986.66,15387986473.0,358398990254.0,7.0218,2,120002768.0,January,2024,Q1,Tuesday,2911.69,2857.91,107.8851,15387986473.0
2024-01-10,2797.04,2836.68,2743.07,2808.06,2808.06,7016526941.0,336967229876.0,-6.3602,2,119963765.0,January,2024,Q1,Wednesday,2907.75,2863.69,111.5628,7016526941.0
2024-01-11,2902.19,3019.35,2874.74,2904.53,2904.53,9490933826.0,348543164577.0,3.3212,2,120124351.0,January,2024,Q1,Thursday,2910.61,2868.64,111.1227,9490933826.0
2024-01-12,3049.96,3152.16,2940.99,3034.48,3034.48,10380732881.0,364137965271.0,4.2827,2,120134330.0,January,2024,Q1,Friday,2934.04,2877.1,118.309,10380732881.0
2024-01-13,3001.68,2972.78,2889.67,2957.48,2957.48,17066558115.0,354897316628.0,-2.6038,2,119932876.0,January,2024,Q1,Saturday,2939.16,2886.11,118.4589,17066558115.0
2024-01-14,2926.56,2980.96,2788.26,2870.97,2870.97,9181398086.0,344515883143.0,-3.0133,2,120077447.0,January,2024,Q1,Sunday,2905.59,2889.22,94.11,9181398086.0
2024-01-15,2935.86,2984.19,2885.93,2904.69,2904.69,8160574458.0,348563110254.0,1.1611,2,120108449.0,January,2024,Q1,Monday,2923.84,2893.46,75.5635,8160574458.0
2024-01-16,3010.96,3127.77,2996.83,3020.9,3020.9,19361720286.0,362507734854.0,3.8467,2,120061860.0,January,2024,Q1,Tuesday,2928.73,2904.51,81.2055,19361720286.0
2024-01-17,2903.43,2973.51,2825.01,2912.6,2912.6,5132949277.0,349511431471.0,-3.7184,2,119860638.0,January,2024,Q1,Wednesday,2943.66,2907.71,62.8539,5132949277.0
2024-01-18,3021.16,3061.69,2970.2,2992.72,2992.72,19967312835.0,359126115508.0,2.6772,2,120150353.0,January,2024,Q1,Thursday,2956.26,2912.78,62.5401,19967312835.0
2024-01-19,2952.13,3049.26,2960.95,2983.31,2983.31,15152319483.0,357996611856.0,-0.3155,2,120015638.0,January,2024,Q1,Friday,2948.95,2915.9,54.3249,15152319483.0
2024-01-20,2885.99,3014.76,2915.77,2931.67,2931.67,17427039492.0,351800671997.0,-1.7612,2,119912989.0,January,2024,Q1,Saturday,2945.27,2917.13,54.5252,17427039492.0
2024-01-21,3140.97,3190.58,3037.78,3159.34,3159.34,9419290945.0,379120789201.0,7.2062,2,119970091.0,January,2024,Q1,Sunday,2986.46,2932.2,87.8126,9419290945.0
2024-01-22,3016.55,3060.85,2948.7,3042.45,3042.45,5214729165.0,365093506727.0,-3.8421,2,119815028.0,January,2024,Q1,Monday,3006.14,2941.96,81.6531,5214729165.0
2024-01-23,2810.43,2878.22,2784.31,2833.51,2833.51,16068042778.0,340021647614.0,-7.3736,2,119851147.0,January,2024,Q1,Tuesday,2979.37,2940.64,103.739,16068042778.0
2024-01-24,2982.0,3103.53,2967.77,3014.12,3014.12,17512168955.0,361694407354.0,5.992,2,120106219.0,January,2024,Q1,Wednesday,2993.87,2945.12,99.8728,17512168955.0
2024-01-25,2895.8,2985.42,2898.97,2949.83,2949.83,16107141979.0,353979161741.0,-2.1796,2,119800005.0,January,2024,Q1,Thursday,2987.75,2947.21,101.2614,16107141979.0
2024-01-26,3015.13,3162.25,2975.69,3074.42,3074.42,7142754310.0,368930129378.0,4.0525,2,119966626.0,January,2024,Q1,Friday,3000.76,2944.34,106.3248,7142754310.0
2024-01-27,3003.64,3060.91,2863.24,2946.16,2946.16,16301418834.0,353539790725.0,-4.3532,2,120009004.0,January,2024,Q1,Saturday,3002.83,2945.71,104.8868,16301418834.0
2024-01-28,2994.94,3028.51,2969.14,3003.62,3003.62,16533841732.0,360434690201.0,1.9129,2,119821854.0,January,2024,Q1,Sunday,2980.59,2947.27,79.6341,16533841732.0
2024-01-29,3042.19,3143.56,3022.42,3056.33,3056.33,14878107735.0,366759360270.0,1.7245,2,120189231.0,January,2024,Q1,Monday,2982.57,2950.86,81.5802,14878107735.0
2024-01-30,3110.4,3151.62,3062.14,3088.21,3088.21,16491738992.0,370585424319.0,1.0324,2,119890450.0,January,2024,Q1,Tuesday,3018.96,2956.11,57.1627,16491738992.0
2024-01-31,2892.87,3029.38,2843.6,2925.85,2925.85,17688821595.0,351101623269.0,-5.5493,2,119921679.0,January,2024,Q1,Wednesday,3006.35,2958.3,67.2528,17688821595.0
2024-02-01,3051.89,3031.51,2902.73,2997.93,2997.93,14204061714.0,359751400738.0,2.4044,2,119921577.0,February,2024,Q1,Thursday,3013.22,2959.83,62.8277,14204061714.0
2024-02-02,3023.65,3076.83,2946.73,2989.41,2989.41,6329070710.0,358729392589.0,-0.2849,2,119892167.0,February,2024,Q1,Friday,3001.07,2964.96,56.9686,6329070710.0
2024-02-03,2928.86,3080.0,2960.69,2977.76,2977.76,12314417145.0,357331548801.0,-0.3912,2,119800590.0,February,2024,Q1,Saturday,3005.59,2968.07,53.0062,12314417145.0
2024-02-04,3163.33,3294.59,3148.8,3173.79,3173.79,6164740020.0,380855188381.0,6.1765,2,120091738.0,February,2024,Q1,Sunday,3029.9,2978.18,82.6735,6164740020.0
2024-02-05,3113.91,3156.08,2948.15,3067.39,3067.39,11113145465.0,368086949643.0,-3.4688,2,120186738.0,February,2024,Q1,Monday,3031.48,2983.04,83.3656,11113145465.0
2024-02-06,2988.71,3002.25,2891.42,2936.47,2936.47,11106597337.0,352376232085.0,-4.4585,2,119889717.0,February,2024,Q1,Tuesday,3009.8,2977.39,85.8462,11106597337.0
2024-02-07,3108.97,3195.91,3013.65,3113.03,3113.03,5990147662.0,373563409520.0,5.6716,2,120065219.0,February,2024,Q1,Wednesday,3036.54,2988.59,84.4798,5990147662.0
2024-02-08,3226.12,3325.27,3125.28,3211.55,3211.55,10232308010.0,385385816021.0,3.0677,2,120096759.0,February,2024,Q1,Thursday,3067.06,2996.09,104.4348,10232308010.0
2024-02-09,3084.83,3204.54,3069.04,3126.47,3126.47,6664971482.0,375176282514.0,-2.7213,2,120139370.0,February,2024,Q1,Friday,3086.64,3006.7,100.2139,6664971482.0
2024-02-10,2981.79,2942.07,2888.67,2924.34,2924.34,17123528150.0,350920845938.0,-6.9119,2,119969052.0,February,2024,Q1,Saturday,3079.01,3007.36,111.3069,17123528150.0
2024-02-11,2976.8,3122.19,2981.27,3009.09,3009.09,19215320389.0,361091389604.0,2.8166,2,119921172.0,February,2024,Q1,Sunday,3055.48,3006.51,105.17,19215320389.0
2024-02-12,3206.86,3242.86,3067.48,3151.06,3151.06,6084747129.0,378127066302.0,4.5053,2,119930118.0,February,2024,Q1,Monday,3067.43,3012.97,111.3242,6084747129.0
2024-02-13,3012.82,3080.78,2898.72,2994.9,2994.9,19326728109.0,359387614557.0,-5.2143,2,120085049.0,February,2024,Q1,Tuesday,3075.78,3017.1,101.6373,19326728109.0
2024-02-14,3102.07,3127.52,3003.7,3088.76,3088.76,12838648990.0,370650675476.0,3.0387,2,120126712.0,February,2024,Q1,Wednesday,3072.31,3023.23,100.563,12838648990.0
2024-02-15,3118.48,3204.36,3043.46,3116.9,3116.9,9493485169.0,374027923782.0,0.9029,2,119872646.0,February,2024,Q1,Thursday,3058.79,3026.43,83.6641,9493485169.0
2024-02-16,2950.27,3038.42,2963.1,2982.4,2982.4,6152931129.0,357887416288.0,-4.5099,2,119948376.0,February,2024,Q1,Friday,3038.21,3028.76,81.9425,6152931129.0
2024-02-17,3013.85,3138.22,2934.59,3053.35,3053.35,12509364021.0,366402533264.0,2.324,2,120160776.0,February,2024,Q1,Saturday,3056.64,3030.78,64.7731,12509364021.0
2024-02-18,2769.02,2824.78,2708.05,2800.33,2800.33,16917733167.0,336039793568.0,-9.0355,2,120122677.0,February,2024,Q1,Sunday,3026.81,3024.68,117.1752,16917733167.0
2024-02-19,2941.79,3062.64,2933.72,2979.15,2979.15,15606297159.0,357498224234.0,6.0024,2,120193943.0,February,2024,Q1,Monday,3002.26,3026.26,104.0778,15606297159.0
2024-02-20,3076.35,3163.95,2922.76,3042.32,3042.32,5753390172.0,365078932465.0,2.0765,2,120101699.0,February,2024,Q1,Tuesday,3009.03,3022.36,105.0579,5753390172.0
2024-02-21,2946.33,2983.92,2886.83,2964.1,2964.1,6093527531.0,355691424326.0,-2.6392,2,119957278.0,February,2024,Q1,Wednesday,2991.22,3019.75,99.7203,6093527531.0
2024-02-22,3139.34,3321.14,3114.74,3195.86,3195.86,11043099239.0,383503627581.0,7.2521,2,120036255.0,February,2024,Q1,Thursday,3002.5,3031.83,118.9229,11043099239.0
2024-02-23,3007.58,3008.99,2860.12,2952.18,2952.18,9429357411.0,354261708075.0,-8.2543,2,120064406.0,February,2024,Q1,Friday,2998.18,3029.77,120.3146,9429357411.0
2024-02-24,3079.24,3140.27,2931.36,3032.68,3032.68,8485764846.0,363921948975.0,2.6545,2,119831382.0,February,2024,Q1,Saturday,2995.23,3032.53,118.9813,8485764846.0
2024-02-25,3132.31,3179.35,2993.46,3079.62,3079.62,9215067484.0,369553999177.0,1.524,2,120017799.0,February,2024,Q1,Sunday,3035.13,3032.7,84.5881,9215067484.0
2024-02-26,3248.78,3264.86,3155.5,3185.71,3185.71,17052241149.0,382285311294.0,3.3303,2,120083728.0,February,2024,Q1,Monday,3064.64,3040.69,96.9331,17052241149.0
2024-02-27,2918.21,3047.98,2906.99,2956.78,2956.78,18938420804.0,354813178045.0,-7.7427,2,119866929.0,February,2024,Q1,Tuesday,3052.42,3039.12,105.2507,18938420804.0
2024-02-28,3152.78,3279.1,3047.26,3165.92,3165.92,11076540418.0,379910849157.0,6.6062,2,120112253.0,February,2024,Q1,Wednesday,3081.25,3042.78,104.6661,11076540418.0
2024-02-29,3106.67,3133.78,3035.36,3074.91,3074.91,18591665032.0,368988880586.0,-2.96,2,120033509.0,February,2024,Q1,Thursday,3063.97,3042.33,91.7831,18591665032.0
2024-03-01,3020.28,3046.07,2942.76,2996.78,2996.78,9822435519.0,359613959015.0,-2.6069,2,120180889.0,March,2024,Q1,Friday,3070.34,3044.7,83.9424,9822435519.0
2024-03-02,3070.38,3201.8,3050.84,3113.49,3113.49,12146554795.0,373618556694.0,3.7484,2,119816969.0,March,2024,Q1,Saturday,3081.89,3048.55,83.4549,12146554795.0
2024-03-03,3132.75,3196.61,3030.62,3093.67,3093.67,8390434967.0,371239869573.0,-0.6407,2,119906130.0,March,2024,Q1,Sunday,3083.89,3052.03,83.5601,8390434967.0
2024-03-04,2997.55,3126.97,2950.78,3030.95,3030.95,14607140633.0,363714448250.0,-2.069,2,120040622.0,March,2024,Q1,Monday,3061.79,3053.8,71.7739,14607140633.0
2024-03-05,3051.71,3187.39,2968.51,3085.8,3085.8,19684716728.0,370295852119.0,1.7773,2,119918624.0,March,2024,Q1,Tuesday,3080.22,3050.87,54.8959,19684716728.0
2024-03-06,3055.16,3112.41,3009.7,3050.65,3050.65,14052396441.0,366078037017.0,-1.1522,2,120085770.0,March,2024,Q1,Wednesday,3063.75,3050.31,40.2336,14052396441.0
2024-03-07,3103.33,3195.8,3063.23,3091.84,3091.84,10367211262.0,371020666214.0,1.3322,2,120103602.0,March,2024,Q1,Thursday,3066.17,3055.49,41.505,10367211262.0
2024-03-08,3147.08,3165.92,3099.67,3137.04,3137.04,14717261690.0,376444243104.0,1.4407,2,119841006.0,March,2024,Q1,Friday,3086.21,3056.29,35.9017,14717261690.0
2024-03-09,3159.79,3289.56,3096.5,3212.28,3212.28,6843810177.0,385473952237.0,2.3425,2,120005542.0,March,2024,Q1,Saturday,3100.32,3056.31,59.8466,6843810177.0
2024-03-10,3032.86,3003.29,2905.27,2987.75,2987.75,18329886204.0,358529549734.0,-7.5153,2,120003556.0,March,2024,Q1,Sunday,3085.19,3051.69,73.6143,18329886204.0
2024-03-11,3228.27,3312.14,3209.92,3258.82,3258.82,12546259262.0,391058539768.0,8.3182,2,119947712.0,March,2024,Q1,Monday,3117.74,3062.84,93.366,12546259262.0
2024-03-12,2889.99,2985.75,2835.02,2933.46,2933.46,11740246131.0,352015132775.0,-11.0914,2,120173170.0,March,2024,Q1,Tuesday,3095.98,3060.32,116.8524,11740246131.0
2024-03-13,3126.85,3137.06,2970.76,3078.98,3078.98,13787971827.0,369477166924.0,4.7261,2,120131003.0,March,2024,Q1,Wednesday,3100.02,3057.91,115.5037,13787971827.0
2024-03-14,3196.95,3231.85,3031.0,3139.73,3139.73,14371757942.0,376767099222.0,1.9349,2,120078884.0,March,2024,Q1,Thursday,3106.87,3062.74,116.3533,14371757942.0
2024-03-15,3161.88,3174.7,3000.91,3116.73,3116.73,6076637093.0,374007991400.0,-0.7377,2,120085731.0,March,2024,Q1,Friday,3103.96,3063.67,115.727,6076637093.0
2024-03-16,3083.8,3109.15,3003.96,3046.09,3046.09,15239258318.0,365530470520.0,-2.3192,2,119984686.0,March,2024,Q1,Saturday,3080.22,3061.31,106.48,15239258318.0
2024-03-17,3100.09,3121.98,2984.14,3080.96,3080.96,8628975205.0,369715457599.0,1.1319,2,120168398.0,March,2024,Q1,Sunday,3093.54,3064.6,98.5191,8628975205.0
2024-03-18,3066.17,3115.22,2995.32,3059.94,3059.94,15709289488.0,367193215769.0,-0.6869,2,120077838.0,March,2024,Q1,Monday,3065.13,3064.82,66.3282,15709289488.0
2024-03-19,3003.62,3093.64,2948.8,3054.07,3054.07,17338021916.0,366488675306.0,-0.1922,2,120091592.0,March,2024,Q1,Tuesday,3082.36,3073.28,34.4105,17338021916.0
2024-03-20,3159.49,3195.08,3074.39,3171.1,3171.1,17059377613.0,380531669041.0,3.6904,2,120144676.0,March,2024,Q1,Wednesday,3095.52,3079.67,47.8819,17059377613.0
2024-03-21,3117.71,3215.52,3032.84,3133.67,3133.67,13287514511.0,376040500326.0,-1.1943,2,119909629.0,March,2024,Q1,Thursday,3094.65,3082.72,46.9959,13287514511.0
2024-03-22,3022.41,3138.36,2966.39,3051.73,3051.73,12802548385.0,366208013844.0,-2.6849,2,120122828.0,March,2024,Q1,Friday,3085.37,3085.64,48.3096,12802548385.0
2024-03-23,3209.7,3266.15,3145.61,3181.27,3181.27,7143139420.0,381752400520.0,4.0719,2,119878096.0,March,2024,Q1,Saturday,3104.68,3085.15,56.3434,7143139420.0
2024-03-24,3135.59,3202.66,3060.6,3136.1,3136.1,16630192256.0,376332472984.0,-1.4402,2,119938137.0,March,2024,Q1,Sunday,3112.55,3091.28,56.3294,16630192256.0
2024-03-25,3125.58,3237.0,3053.4,3178.85,3178.85,9071140707.0,381462236868.0,1.3448,2,119934244.0,March,2024,Q1,Monday,3129.54,3096.16,55.7448,9071140707.0
2024-03-26,3131.14,3278.1,3046.86,3166.58,3166.58,12450431342.0,379990102296.0,-0.3874,2,120191410.0,March,2024,Q1,Tuesday,3145.61,3099.06,45.6663,12450431342.0
2024-03-27,3074.75,3123.09,3032.5,3052.38,3052.38,9264111394.0,366285082511.0,-3.7416,2,120142615.0,March,2024,Q1,Wednesday,3128.65,3094.61,55.5909,9264111394.0
2024-03-28,3024.29,3143.43,3043.33,3076.46,3076.46,7007425445.0,369174639645.0,0.7827,2,120080468.0,March,2024,Q1,Thursday,3120.48,3098.6,58.841,7007425445.0
2024-03-29,3228.45,3202.5,3153.13,3183.72,3183.72,14443365453.0,382046809320.0,3.3693,2,120090823.0,March,2024,Q1,Friday,3139.34,3099.19,54.0944,14443365453.0
2024-03-30,3174.92,3229.34,3078.97,3175.54,3175.54,5814980522.0,381064511065.0,-0.2578,2,120024829.0,March,2024,Q1,Saturday,3138.52,3102.55,53.3929,5814980522.0
2024-03-31,3125.48,3185.17,3022.74,3127.9,3127.9,16229678512.0,375348488476.0,-1.5229,2,120178836.0,March,2024,Q1,Sunday,3137.35,3106.92,53.5445,16229678512.0
2024-04-01,3153.55,3201.5,3102.74,3141.93,3141.93,9763801929.0,377031949857.0,0.4465,2,119998504.0,April,2024,Q2,Monday,3132.07,3107.87,50.5072,9763801929.0
2024-04-02,3279.89,3319.77,3164.32,3237.83,3237.83,5002020395.0,388540169045.0,2.9619,2,119952207.0,April,2024,Q2,Tuesday,3142.25,3112.67,63.998,5002020395.0
2024-04-03,3072.66,3164.67,2985.05,3091.48,3091.48,12666937089.0,370977220750.0,-4.7342,2,119865214.0,April,2024,Q2,Wednesday,3147.84,3114.69,56.0609,12666937089.0
2024-04-04,3208.54,3269.57,3088.22,3185.86,3185.86,5702778628.0,382303111946.0,2.9625,2,120114482.0,April,2024,Q2,Thursday,3163.47,3118.02,47.431,5702778628.0
2024-04-05,3137.54,3228.74,3054.28,3129.31,3129.31,9142543367.0,375517744244.0,-1.8069,2,120093778.0,April,2024,Q2,Friday,3155.69,3120.65,48.0133,9142543367.0
2024-04-06,3102.4,3236.35,3051.22,3131.58,3131.58,15604647312.0,375790195461.0,0.0725,2,119953742.0,April,2024,Q2,Saturday,3149.41,3121.97,47.8594,15604647312.0
2024-04-07,3289.6,3338.17,3166.66,3240.52,3240.52,5940344324.0,388862822057.0,3.3618,2,119810077.0,April,2024,Q2,Sunday,3165.5,3125.42,57.4006,5940344324.0
2024-04-08,3260.73,3346.27,3172.72,3222.39,3222.39,17590077385.0,386686825746.0,-0.5627,2,120135599.0,April,2024,Q2,Monday,3177.0,3125.76,59.8955,17590077385.0
2024-04-09,3245.73,3243.47,3145.38,3225.29,3225.29,5057298840.0,387034552199.0,0.0898,2,119804567.0,April,2024,Q2,Tuesday,3175.2,3133.68,57.9279,5057298840.0
2024-04-10,3314.45,3307.35,3173.46,3268.61,3268.61,8702358038.0,392233368336.0,1.3254,2,120081480.0,April,2024,Q2,Wednesday,3200.51,3134.0,53.7999,8702358038.0
2024-04-11,3216.51,3186.62,3057.19,3169.94,3169.94,16113560842.0,380392300317.0,-3.1129,2,120188103.0,April,2024,Q2,Thursday,3198.23,3141.88,54.8487,16113560842.0
2024-04-12,3253.91,3316.28,3139.01,3227.01,3227.01,9744052246.0,387241364963.0,1.7687,2,119975065.0,April,2024,Q2,Friday,3212.19,3146.82,46.1232,9744052246.0
2024-04-13,3194.44,3266.78,3052.23,3151.95,3151.95,6528385821.0,378234135055.0,-2.3814,2,119893989.0,April,2024,Q2,Saturday,3215.1,3147.23,40.488,6528385821.0
2024-04-14,3232.47,3250.51,3173.14,3207.14,3207.14,10403508782.0,384856947246.0,1.7209,2,120081948.0,April,2024,Q2,Sunday,3210.33,3150.24,38.9311,10403508782.0
2024-04-15,3198.23,3294.26,3108.18,3175.35,3175.35,9055899296.0,381042037733.0,-1.0012,2,120126851.0,April,2024,Q2,Monday,3203.61,3154.55,40.53,9055899296.0
2024-04-16,3213.37,3220.93,3181.16,3198.19,3198.19,17640678532.0,383783254309.0,0.7143,2,120018572.0,April,2024,Q2,Tuesday,3199.74,3158.46,39.3927,17640678532.0
2024-04-17,3275.62,3365.11,3198.63,3242.84,3242.84,9700218764.0,389140501568.0,1.3767,2,120186814.0,April,2024,Q2,Wednesday,3196.06,3164.55,32.4819,9700218764.0
2024-04-18,3091.87,3188.93,3039.3,3134.68,3134.68,16833987077.0,376161176775.0,-3.4505,2,119820667.0,April,2024,Q2,Thursday,3191.02,3167.24,39.2387,16833987077.0
2024-04-19,3423.93,3401.39,3238.62,3372.55,3372.55,18378082172.0,404706278731.0,7.0533,2,120001918.0,April,2024,Q2,Friday,3211.81,3173.96,79.4451,18378082172.0
2024-04-20,3176.38,3198.7,3103.31,3129.82,3129.82,11507261294.0,375578971336.0,-7.7553,2,120087382.0,April,2024,Q2,Saturday,3208.65,3173.83,82.6019,11507261294.0
2024-04-21,3059.71,3162.05,3059.02,3118.43,3118.43,18649147158.0,374211947290.0,-0.3653,2,120145056.0,April,2024,Q2,Sunday,3195.98,3176.05,89.3981,18649147158.0
2024-04-22,3356.78,3363.2,3204.24,3313.59,3313.59,10659770809.0,397631398650.0,5.8897,2,119871702.0,April,2024,Q2,Monday,3215.73,3180.46,98.8506,10659770809.0
2024-04-23,3240.94,3341.6,3249.83,3289.77,3289.77,19461176247.0,394772726446.0,-0.7241,2,120120001.0,April,2024,Q2,Tuesday,3228.81,3185.58,102.1478,19461176247.0
2024-04-24,3260.33,3390.63,3201.81,3281.98,3281.98,6339342868.0,393837280270.0,-0.2375,2,120021083.0,April,2024,Q2,Wednesday,3234.4,3189.02,104.0963,6339342868.0
2024-04-25,3320.06,3366.52,3187.23,3288.04,3288.04,15305288998.0,394564412295.0,0.1843,2,119958621.0,April,2024,Q2,Thursday,3256.31,3193.07,95.384,15305288998.0
2024-04-26,3198.62,3294.17,3156.5,3242.62,3242.62,12407210607.0,389114740399.0,-1.4005,2,119852686.0,April,2024,Q2,Friday,3237.75,3199.41,80.4705,12407210607.0
2024-04-27,3218.18,3261.54,3140.97,3177.77,3177.77,10814732082.0,381331962855.0,-2.0409,2,120146118.0,April,2024,Q2,Saturday,3244.6,3202.79,71.2663,10814732082.0
2024-04-28,3305.0,3359.73,3204.79,3261.66,3261.66,14490678181.0,391399722389.0,2.5722,2,119862909.0,April,2024,Q2,Sunday,3265.06,3205.39,44.5623,14490678181.0
2024-04-29,3208.55,3254.23,3103.56,3207.59,3207.59,15557856375.0,384910539905.0,-1.6859,2,119923915.0,April,2024,Q2,Monday,3249.92,3206.45,43.3158,15557856375.0
2024-04-30,3279.97,3411.2,3264.4,3346.04,3346.04,5065449045.0,401524421582.0,4.1377,2,119916018.0,April,2024,Q2,Tuesday,3257.96,3213.73,55.4623,5065449045.0
2024-05-01,3234.84,3292.86,3245.72,3262.63,3262.63,7504296331.0,391515958351.0,-2.5563,2,120148566.0,May,2024,Q2,Wednesday,3255.19,3217.75,54.54,7504296331.0
2024-05-02,3229.87,3251.29,3113.13,3214.83,3214.83,15695690760.0,385779586865.0,-1.487,2,120069081.0,May,2024,Q2,Thursday,3244.73,3216.98,54.2098,15695690760.0
2024-05-03,3324.51,3355.8,3241.39,3261.73,3261.73,14995781204.0,391407662212.0,1.4379,2,120118673.0,May,2024,Q2,Friday,3247.46,3222.66,54.5656,14995781204.0
2024-05-04,3344.69,3364.91,3223.67,3327.14,3327.14,19490712577.0,399257397944.0,1.9661,2,119900187.0,May,2024,Q2,Saturday,3268.8,3227.37,51.9102,19490712577.0
2024-05-05,3224.5,3331.9,3216.42,3255.78,3255.78,16415566854.0,390693187231.0,-2.1921,2,120049950.0,May,2024,Q2,Sunday,3267.96,3231.58,52.0923,16415566854.0
2024-05-06,3259.33,3338.62,3117.03,3241.95,3241.95,19261590616.0,389034411761.0,-0.4264,2,120028698.0,May,2024,Q2,Monday,3272.87,3235.26,46.806,19261590616.0
2024-05-07,3339.51,3363.32,3274.56,3334.17,3334.17,15538107523.0,400100694325.0,2.7659,2,120133132.0,May,2024,Q2,Tuesday,3271.18,3238.38,43.834,15538107523.0
2024-05-08,3378.71,3424.36,3286.37,3341.31,3341.31,9470783130.0,400957005095.0,0.2136,2,120162435.0,May,2024,Q2,Wednesday,3282.42,3242.35,50.8101,9470783130.0
2024-05-09,3236.58,3334.24,3254.7,3288.27,3288.27,6580473834.0,394592821899.0,-1.6128,2,119804863.0,May,2024,Q2,Thursday,3292.91,3244.45,41.2026,6580473834.0
2024-05-10,3332.78,3426.0,3246.57,3298.35,3298.35,16727357950.0,395801430546.0,0.3054,2,120069608.0,May,2024,Q2,Friday,3298.14,3245.44,38.8415,16727357950.0
2024-05-11,3367.42,3435.58,3241.91,3361.87,3361.87,14662238322.0,403424409596.0,1.8896,2,119820734.0,May,2024,Q2,Saturday,3303.1,3251.83,44.9078,14662238322.0
2024-05-12,3294.72,3342.24,3105.83,3234.81,3234.81,5722790186.0,388177489798.0,-3.9278,2,120019543.0,May,2024,Q2,Sunday,3300.1,3252.1,49.0948,5722790186.0
2024-05-13,3224.96,3324.22,3187.42,3245.49,3245.49,10400756989.0,389458470512.0,0.3289,2,119915053.0,May,2024,Q2,Monday,3300.61,3255.21,48.4093,10400756989.0
2024-05-14,3325.65,3329.67,3239.62,3308.1,3308.1,19351997232.0,396972341855.0,1.8928,2,119922711.0,May,2024,Q2,Tuesday,3296.89,3258.58,46.3565,19351997232.0
2024-05-15,3414.06,3447.21,3254.47,3356.06,3356.06,12506017186.0,402727454302.0,1.429,2,119941183.0,May,2024,Q2,Wednesday,3298.99,3264.6,48.9737,12506017186.0
2024-05-16,3351.48,3536.06,3282.97,3405.63,3405.63,11490937040.0,408675844384.0,1.4555,2,120048517.0,May,2024,Q2,Thursday,3315.76,3271.52,62.8217,11490937040.0
2024-05-17,3567.79,3597.83,3416.15,3506.47,3506.47,11865494077.0,420776158898.0,2.8757,2,119933620.0,May,2024,Q2,Friday,3345.49,3280.3,94.4806,11865494077.0
2024-05-18,3490.83,3581.45,3399.98,3464.79,3464.79,8133240860.0,415774471847.0,-1.203,2,120093080.0,May,2024,Q2,Saturday,3360.19,3291.31,104.8892,8133240860.0
2024-05-19,3332.54,3513.07,3325.24,3391.17,3391.17,10530607563.0,406939884927.0,-2.171,2,119961811.0,May,2024,Q2,Sunday,3382.53,3291.93,89.2156,10530607563.0
2024-05-20,3383.12,3454.55,3310.19,3410.27,3410.27,10547198840.0,409232804684.0,0.5603,2,119827341.0,May,2024,Q2,Monday,3406.07,3301.28,65.6597,10547198840.0
2024-05-21,3367.28,3380.95,3322.4,3339.47,3339.47,5785325303.0,400736402208.0,-2.1202,2,120113504.0,May,2024,Q2,Tuesday,3410.55,3308.64,58.5435,5785325303.0
2024-05-22,3366.82,3516.5,3334.68,3426.11,3426.11,16513514428.0,411133082212.0,2.5288,2,119914303.0,May,2024,Q2,Wednesday,3420.56,3312.4,53.4412,16513514428.0
2024-05-23,3423.67,3478.6,3352.93,3412.45,3412.45,11247566479.0,409494146299.0,-0.4002,2,119973107.0,May,2024,Q2,Thursday,3421.53,3316.48,53.1852,11247566479.0
2024-05-24,3447.96,3588.68,3355.56,3469.35,3469.35,17332698302.0,416321696220.0,1.64,2,120074178.0,May,2024,Q2,Friday,3416.23,3322.73,44.436,17332698302.0
2024-05-25,3401.74,3508.93,3357.42,3385.37,3385.37,17755220017.0,406243904286.0,-2.4807,2,119932982.0,May,2024,Q2,Saturday,3404.88,3325.98,39.8759,17755220017.0
2024-05-26,3437.51,3561.94,3411.55,3501.13,3501.13,8179910820.0,420135688259.0,3.3065,2,119822634.0,May,2024,Q2,Sunday,3420.59,3334.59,53.054,8179910820.0
2024-05-27,3643.62,3637.98,3511.87,3590.26,3590.26,14860302233.0,430831331861.0,2.4826,2,119949568.0,May,2024,Q2,Monday,3446.31,3348.34,82.6042,14860302233.0
2024-05-28,3532.68,3579.06,3371.74,3467.02,3467.02,12084227062.0,416041969877.0,-3.5548,2,120177779.0,May,2024,Q2,Tuesday,3464.53,3355.19,67.8623,12084227062.0
2024-05-29,3581.88,3567.34,3490.38,3515.94,3515.94,18202351069.0,421912995191.0,1.3915,2,120056694.0,May,2024,Q2,Wednesday,3477.36,3365.47,67.8803,18202351069.0
2024-05-30,3582.53,3666.97,3457.37,3547.11,3547.11,8236110188.0,425653418871.0,0.8787,2,120068592.0,May,2024,Q2,Thursday,3496.6,3372.17,65.4569,8236110188.0
2024-05-31,3416.59,3536.67,3382.41,3467.9,3467.9,15167198005.0,416148283470.0,-2.2841,2,120052913.0,May,2024,Q2,Friday,3496.39,3379.01,65.5597,15167198005.0
